{
  "hash": "647a3d5b",
  "configHash": "09663503",
  "lockfileHash": "fffb9718",
  "browserHash": "9abf1a36",
  "optimized": {
    "@angular/common": {
      "src": "../../../../../../node_modules/@angular/common/fesm2022/common.mjs",
      "file": "@angular_common.js",
      "fileHash": "d637b9f6",
      "needsInterop": false
    },
    "@angular/core": {
      "src": "../../../../../../node_modules/@angular/core/fesm2022/core.mjs",
      "file": "@angular_core.js",
      "fileHash": "525a295e",
      "needsInterop": false
    },
    "@angular/platform-browser": {
      "src": "../../../../../../node_modules/@angular/platform-browser/fesm2022/platform-browser.mjs",
      "file": "@angular_platform-browser.js",
      "fileHash": "3ed01544",
      "needsInterop": false
    },
    "@angular/router": {
      "src": "../../../../../../node_modules/@angular/router/fesm2022/router.mjs",
      "file": "@angular_router.js",
      "fileHash": "2f013ae7",
      "needsInterop": false
    },
    "zone.js": {
      "src": "../../../../../../node_modules/zone.js/fesm2015/zone.js",
      "file": "zone__js.js",
      "fileHash": "4a5f5c19",
      "needsInterop": true
    }
  },
  "chunks": {
    "chunk-Z4ICK7JW": {
      "file": "chunk-Z4ICK7JW.js"
    },
    "chunk-GX3AXM7P": {
      "file": "chunk-GX3AXM7P.js"
    },
    "chunk-BRLGDEGL": {
      "file": "chunk-BRLGDEGL.js"
    },
    "chunk-WDMUDEB6": {
      "file": "chunk-WDMUDEB6.js"
    }
  }
}